{"schemaVersion":"1.0","appDefinitionTemplate":{"id":"/providers/Microsoft.PowerApps/apps/","type":"Microsoft.PowerApps/apps","tags":{"primaryDeviceWidth":"1366","primaryDeviceHeight":"768","supportsPortrait":"true","supportsLandscape":"true","primaryFormFactor":"Tablet","publisherVersion":"3.22054.15","minimumRequiredApiVersion":"2.2.0","hasComponent":"false","hasUnlockedComponent":"false","isUnifiedRootApp":"false","sienaVersion":"20220608T140711Z-3.22054.15.0"},"properties":{"appVersion":"2022-06-08T14:07:11Z","lifeCycleId":"Published","createdByClientVersion":{"major":3,"minor":22054,"build":15,"revision":0,"majorRevision":0,"minorRevision":0},"minClientVersion":{"major":3,"minor":22054,"build":15,"revision":0,"majorRevision":0,"minorRevision":0},"backgroundColor":"RGBA(0,176,240,1)","backgroundImageUri":"/4507764852913852081/N228537b3-b0bf-49c7-838d-6da7d80bbf2e-logoSmallFile","displayName":"Grander Games Store App","description":"","commitMessage":"","appUris":{"documentUri":{"value":"/4507764852913852081/N5ac79f1e-2069-49f8-aafe-d0d4d354509a-document.msapp"},"imageUris":[]},"createdTime":"0001-01-01T00:00:00Z","lastModifiedTime":"0001-01-01T00:00:00Z","sharedGroupsCount":0,"sharedUsersCount":0,"icons":{"smallIconUri":"/4507764852913852081/N6a289168-e5a3-4f9f-a3de-653f2c34f9ca-small.png","mediumIconUri":"/4507764852913852081/Ne6d6fde4-358f-44ea-adc3-54d43b0ef462-medium.png","largeIconUri":"/4507764852913852081/N3f2ee85b-74d8-4ff3-872e-237d7c830dc1-large.png","wideIconUri":"/4507764852913852081/Nf61fd048-2a20-4f24-83c9-9fdbce8785c6-wide.png"},"connectionReferences":{"576ec8ac-b492-44d1-a862-3e1cc9cd3952":{"id":"c541b8ff-3a84-4618-9f07-ff0742e161b8","displayName":"SharePoint","iconUri":"https://connectoricons-prod.azureedge.net/releases/v1.0.1578/1.0.1578.2813/sharepointonline/icon.png","dataSources":["Customer Database","Store Locations","Grander Games Michigan Inventory","Grander Games Administration","GG Jackson MI Inventory","GG Lansing MI Inventory","GG Lansing MI Inventory_1","Shopping Cart Items","Shopping Cart Ordered Items","Shopping Cart Orders","Store Locations_1","Grander Games Administration_1","GG Lansing MI Inventory_2","GG Jackson MI Inventory_1","Customer Database_1","Jackson Shopping History","Jackson Customer History","Jackson Item History","Lansing Shopping History","Midland Shopping History"],"dependencies":[],"dependents":[],"parameterHints":{},"parameterHintsV2":{},"isOnPremiseConnection":false,"bypassConsent":false,"dataSets":{"https://powerapps803.sharepoint.com/sites/GranderGamesStoreApp":{"dataSources":{"Customer Database":{"tableName":"663b638c-1154-4682-a0f0-0446de3e972f"},"Store Locations":{"tableName":"fd560c06-090e-4d5f-ba17-dabbc65f6ec3"},"Grander Games Michigan Inventory":{"tableName":"8a74bf7e-3e38-4ebb-8271-c79b223b98ac"},"Grander Games Administration":{"tableName":"b5f2f7c2-58cd-40b2-98a1-c530838a8bf5"},"GG Jackson MI Inventory":{"tableName":"8a74bf7e-3e38-4ebb-8271-c79b223b98ac"},"GG Lansing MI Inventory":{"tableName":"aa12cca7-cd8b-49c5-b603-42975cfaffba"},"GG Lansing MI Inventory_1":{"tableName":"aa12cca7-cd8b-49c5-b603-42975cfaffba"},"Shopping Cart Items":{"tableName":"f8b52368-d052-4188-aee1-f10bb9661c20"},"Shopping Cart Ordered Items":{"tableName":"53bfaa5f-6f1d-487e-8ad0-5c0d57d8e942"},"Shopping Cart Orders":{"tableName":"186e6001-c306-4d2c-8ce6-3910639e0ad7"},"Store Locations_1":{"tableName":"fd560c06-090e-4d5f-ba17-dabbc65f6ec3"},"Grander Games Administration_1":{"tableName":"b5f2f7c2-58cd-40b2-98a1-c530838a8bf5"},"GG Lansing MI Inventory_2":{"tableName":"aa12cca7-cd8b-49c5-b603-42975cfaffba"},"GG Jackson MI Inventory_1":{"tableName":"8a74bf7e-3e38-4ebb-8271-c79b223b98ac"},"Customer Database_1":{"tableName":"663b638c-1154-4682-a0f0-0446de3e972f"},"Jackson Shopping History":{"tableName":"186e6001-c306-4d2c-8ce6-3910639e0ad7"},"Jackson Customer History":{"tableName":"9e98e486-0659-4c40-8e14-451ade303720"},"Jackson Item History":{"tableName":"186e6001-c306-4d2c-8ce6-3910639e0ad7"},"Lansing Shopping History":{"tableName":"5ac24d30-1b07-4c68-a037-5ae8665a082a"},"Midland Shopping History":{"tableName":"4807f956-6886-44af-b83a-a4a4cabc17d8"}}}},"apiTier":"Standard","isCustomApiConnection":false,"actions":["providers/PowerPlatform.Governance/Operations/Read","providers/PowerPlatform.Governance/Operations/Write"]},"5c466509-304a-4a33-92c2-983617867c17":{"id":"48e8cf47-2b83-4ff7-bbca-f700cf6fba72","displayName":"Power BI","iconUri":"https://connectoricons-prod.azureedge.net/releases/v1.0.1578/1.0.1578.2813/powerbi/icon.png","dataSources":["PowerBI"],"dependencies":[],"dependents":[],"parameterHints":{},"parameterHintsV2":{},"isOnPremiseConnection":false,"bypassConsent":false,"dataSets":{},"apiTier":"Standard","isCustomApiConnection":false},"c15443ed-38af-4a9e-9f3f-246e56831f55":{"id":"b77c1896-0e08-4e9c-9467-99aa533c8091","displayName":"Office 365 Outlook","iconUri":"https://connectoricons-prod.azureedge.net/releases/v1.0.1580/1.0.1580.2838/office365/icon.png","dataSources":["Office365Outlook"],"dependencies":[],"dependents":[],"parameterHints":{},"parameterHintsV2":{},"isOnPremiseConnection":false,"bypassConsent":false,"dataSets":{},"apiTier":"Standard","isCustomApiConnection":false},"55841b9c-d7e0-4ddd-8124-2c34f472351c":{"id":"5f499964-6e5f-41ef-b519-9010104774a4","displayName":"Office 365 Users","iconUri":"https://connectoricons-prod.azureedge.net/releases/v1.0.1573/1.0.1573.2770/office365users/icon.png","dataSources":["Office365Users"],"dependencies":[],"dependents":[],"parameterHints":{},"parameterHintsV2":{},"isOnPremiseConnection":false,"bypassConsent":false,"dataSets":{},"apiTier":"Standard","isCustomApiConnection":false}},"authorizationReferences":[{"resourceId":"powerbi"}],"databaseReferences":{"default.cds":{"databaseDetails":{"referenceType":"Environmental","environmentName":"default.cds","overrideValues":{"status":"NotSpecified"}},"dataSources":{"SharePoint Sites":{"entitySetName":"sharepointsites","logicalName":"sharepointsite"}},"actions":["providers/PowerPlatform.Governance/Operations/Read"]}},"almMode":"Environment","performanceOptimizationEnabled":true,"canConsumeAppPass":true,"executionRestrictions":{"isTeamsOnly":false,"dataLossPreventionEvaluationResult":{"status":"Compliant","lastEvaluationDate":"2022-05-27T15:47:07.6686805Z","violations":[],"violationsByPolicy":[],"violationErrorMessage":"The app uses the following connectors: ."}}},"appType":"ClassicCanvasApp","appComponents":[]}}